model,mae,baseline_mae,improvement_pct,beats_baseline
seasonal_naive,40059.416666666664,40059.416666666664,0.0,False
sarima,48768.62313933574,40059.416666666664,-21.740722150644753,False
gbm,33073.31479743104,40059.416666666664,17.43934997198484,True
